month,candidate_count,positive_candidate_count,order10_candidate_count,positive_order10_candidate_count,best_candidate_id,best_return_pct,best_orders,best_order10_candidate_id,best_order10_return_pct,best_order10_orders,median_order10_return_pct,p90_order10_return_pct
2023-01,744,138,642,90,single_symbol_symbol_momentum_lev4p0_symbolSOLUSDT_lookback384_threshold_bps50,123.6713264470453,117,single_symbol_symbol_momentum_lev4p0_symbolSOLUSDT_lookback384_threshold_bps50,123.6713264470453,117,-39.97024385093192,5.352595449614718
2023-02,744,90,714,75,single_symbol_symbol_momentum_lev4p0_symbolSOLUSDT_lookback384_threshold_bps20,126.37994658308864,37,single_symbol_symbol_momentum_lev4p0_symbolSOLUSDT_lookback384_threshold_bps20,126.37994658308864,37,-32.46194728978451,1.131257271731186
2023-03,744,105,702,84,single_symbol_symbol_reversal_lev4p0_symbolSOLUSDT_lookback1536_threshold_bps50,161.52290937096728,36,single_symbol_symbol_reversal_lev4p0_symbolSOLUSDT_lookback1536_threshold_bps50,161.52290937096728,36,-33.99996525386506,2.0108823399949385
2023-04,744,90,720,78,single_symbol_symbol_reversal_lev4p0_symbolSOLUSDT_lookback1536_threshold_bps100,111.07840259872836,14,single_symbol_symbol_reversal_lev4p0_symbolSOLUSDT_lookback1536_threshold_bps100,111.07840259872836,14,-34.32387906966689,4.960170627078403
2023-05,744,42,744,42,cross_section_long_strong_short_weak_lev4p0_lookback1536_threshold_bps0,28.32613616891606,34,cross_section_long_strong_short_weak_lev4p0_lookback1536_threshold_bps0,28.32613616891606,34,-27.25857631661634,-2.6924223836568664
2023-06,744,135,702,114,single_symbol_symbol_reversal_lev4p0_symbolXRPUSDT_lookback384_threshold_bps50,150.6365075371571,159,single_symbol_symbol_reversal_lev4p0_symbolXRPUSDT_lookback384_threshold_bps50,150.6365075371571,159,-33.56732895285053,11.505883306356157
2023-07,744,90,684,69,single_symbol_symbol_momentum_lev4p0_symbolXRPUSDT_lookback384_threshold_bps50,250.96480401943407,77,single_symbol_symbol_momentum_lev4p0_symbolXRPUSDT_lookback384_threshold_bps50,250.96480401943407,77,-35.72735096222961,0.22110590133307234
2023-08,744,108,600,36,single_symbol_symbol_momentum_lev4p0_symbolXRPUSDT_lookback1536_threshold_bps20,78.59820202044554,2,single_symbol_symbol_reversal_lev4p0_symbolADAUSDT_lookback96_threshold_bps100,66.86847747284112,239,-38.20281083924489,-8.67673243281033
2023-09,744,39,714,24,single_symbol_symbol_momentum_lev4p0_symbolLINKUSDT_lookback1536_threshold_bps20,188.7784940640687,2,single_symbol_symbol_momentum_lev4p0_symbolLINKUSDT_lookback384_threshold_bps20,163.131891204675,35,-30.799676651618707,-5.830560674140214
2023-10,744,120,738,117,single_symbol_symbol_momentum_lev4p0_symbolSOLUSDT_lookback1536_threshold_bps100,319.5755017664935,44,single_symbol_symbol_momentum_lev4p0_symbolSOLUSDT_lookback1536_threshold_bps100,319.5755017664935,44,-33.15291162944458,6.591216467352947
2023-11,744,87,726,78,single_symbol_symbol_momentum_lev4p0_symbolAVAXUSDT_lookback384_threshold_bps20,196.36271863078653,88,single_symbol_symbol_momentum_lev4p0_symbolAVAXUSDT_lookback384_threshold_bps20,196.36271863078653,88,-31.581988334232364,0.4792809050326752
2023-12,744,132,708,114,single_symbol_symbol_momentum_lev4p0_symbolSOLUSDT_lookback1536_threshold_bps20,250.12782820143207,2,single_symbol_symbol_reversal_lev4p0_symbolLINKUSDT_lookback384_threshold_bps20,217.7691746695851,162,-37.62090795865437,9.509686298230882
2024-01,744,123,708,105,single_symbol_symbol_reversal_lev4p0_symbolSOLUSDT_lookback384_threshold_bps20,217.13985647369356,78,single_symbol_symbol_reversal_lev4p0_symbolSOLUSDT_lookback384_threshold_bps20,217.13985647369356,78,-37.4789464520911,5.950911054150709
2024-02,744,144,636,90,single_symbol_symbol_momentum_lev4p0_symbolDOGEUSDT_lookback1536_threshold_bps20,241.55787968396208,2,single_symbol_symbol_momentum_lev4p0_symbolETHUSDT_lookback384_threshold_bps50,216.89263136945104,56,-40.2823318368373,10.5726322430977
2024-03,744,141,726,132,single_symbol_symbol_reversal_lev4p0_symbolAVAXUSDT_lookback96_threshold_bps20,234.56228936700305,202,single_symbol_symbol_reversal_lev4p0_symbolAVAXUSDT_lookback96_threshold_bps20,234.56228936700305,202,-37.337023540472046,19.544423750286732
2024-04,744,141,684,117,single_symbol_symbol_momentum_lev4p0_symbolDOGEUSDT_lookback384_threshold_bps20,218.3342921608589,67,single_symbol_symbol_momentum_lev4p0_symbolDOGEUSDT_lookback384_threshold_bps20,218.3342921608589,67,-39.98456122434422,18.618323219429126
2024-05,744,96,690,69,single_symbol_symbol_momentum_lev4p0_symbolLINKUSDT_lookback1536_threshold_bps20,94.23684201565376,2,single_symbol_symbol_momentum_lev4p0_symbolETHUSDT_lookback384_threshold_bps50,88.13164430955676,59,-38.709218349463185,0.011689516061202797
2024-06,744,99,654,54,single_symbol_symbol_momentum_lev4p0_symbolAVAXUSDT_lookback384_threshold_bps20,83.69628905387508,64,single_symbol_symbol_momentum_lev4p0_symbolAVAXUSDT_lookback384_threshold_bps20,83.69628905387508,64,-34.54758450267091,-2.5806070991738053
2024-07,744,96,690,69,single_symbol_symbol_reversal_lev4p0_symbolLINKUSDT_lookback384_threshold_bps100,118.95048668824852,156,single_symbol_symbol_reversal_lev4p0_symbolLINKUSDT_lookback384_threshold_bps100,118.95048668824852,156,-34.10189437127909,-0.03054246527059857
2024-08,744,81,702,60,single_symbol_symbol_momentum_lev4p0_symbolAVAXUSDT_lookback384_threshold_bps20,60.17941264695368,57,single_symbol_symbol_momentum_lev4p0_symbolAVAXUSDT_lookback384_threshold_bps20,60.17941264695368,57,-34.07767936480685,-1.4710674689325023
2024-09,744,84,660,42,single_symbol_symbol_momentum_lev4p0_symbolAVAXUSDT_lookback1536_threshold_bps20,91.7227566321708,2,single_symbol_symbol_momentum_lev4p0_symbolADAUSDT_lookback384_threshold_bps20,69.33342017147805,28,-37.655547708577245,-2.926490373431656
2024-10,744,81,708,63,single_symbol_symbol_momentum_lev4p0_symbolDOGEUSDT_lookback1536_threshold_bps20,178.72856327835817,2,single_symbol_symbol_reversal_lev4p0_symbolLINKUSDT_lookback384_threshold_bps100,60.29111392262767,156,-34.62390522588399,-2.0594743366227393
2024-11,744,198,618,135,single_symbol_symbol_momentum_lev4p0_symbolXRPUSDT_lookback384_threshold_bps50,5933.561822805518,62,single_symbol_symbol_momentum_lev4p0_symbolXRPUSDT_lookback384_threshold_bps50,5933.561822805518,62,-45.53144025238079,45.6127276004814
2024-12,744,138,708,120,single_symbol_symbol_reversal_lev4p0_symbolXRPUSDT_lookback384_threshold_bps100,597.8761175886285,198,single_symbol_symbol_reversal_lev4p0_symbolXRPUSDT_lookback384_threshold_bps100,597.8761175886285,198,-43.26897067871434,14.401587029825949
2025-01,744,123,684,96,single_symbol_symbol_momentum_lev4p0_symbolSOLUSDT_lookback384_threshold_bps100,175.07758519164872,82,single_symbol_symbol_momentum_lev4p0_symbolSOLUSDT_lookback384_threshold_bps100,175.07758519164872,82,-37.17983286941319,4.85721808601273
2025-02,744,111,708,93,single_symbol_symbol_momentum_lev4p0_symbolSOLUSDT_lookback1536_threshold_bps20,164.89605901045363,2,single_symbol_symbol_momentum_lev4p0_symbolDOGEUSDT_lookback1536_threshold_bps50,151.43944784456326,29,-34.248061438158345,7.888356459319791
2025-03,744,123,744,123,single_symbol_symbol_momentum_lev4p0_symbolADAUSDT_lookback96_threshold_bps20,778.8300334125375,182,single_symbol_symbol_momentum_lev4p0_symbolADAUSDT_lookback96_threshold_bps20,778.8300334125375,182,-37.46424854093488,23.638154122112223
2025-04,744,147,708,129,single_symbol_symbol_reversal_lev4p0_symbolAVAXUSDT_lookback96_threshold_bps100,116.85778049209236,303,single_symbol_symbol_reversal_lev4p0_symbolAVAXUSDT_lookback96_threshold_bps100,116.85778049209236,303,-32.44719318661666,8.905480739312898
2025-05,744,72,708,57,single_symbol_symbol_momentum_lev4p0_symbolDOGEUSDT_lookback384_threshold_bps20,138.13466679897877,71,single_symbol_symbol_momentum_lev4p0_symbolDOGEUSDT_lookback384_threshold_bps20,138.13466679897877,71,-36.27256237158469,-1.6482824874779203
2025-06,744,90,684,63,single_symbol_symbol_reversal_lev4p0_symbolETHUSDT_lookback384_threshold_bps50,99.25511697986651,177,single_symbol_symbol_reversal_lev4p0_symbolETHUSDT_lookback384_threshold_bps50,99.25511697986651,177,-35.124026549610306,-0.2512190180645531
2025-07,744,129,606,60,single_symbol_symbol_momentum_lev4p0_symbolXRPUSDT_lookback384_threshold_bps100,253.56254993866733,113,single_symbol_symbol_momentum_lev4p0_symbolXRPUSDT_lookback384_threshold_bps100,253.56254993866733,113,-44.430519926696725,-0.0637266120320112
2025-08,744,93,744,93,single_symbol_symbol_momentum_lev4p0_symbolLINKUSDT_lookback96_threshold_bps20,183.9342643479445,166,single_symbol_symbol_momentum_lev4p0_symbolLINKUSDT_lookback96_threshold_bps20,183.9342643479445,166,-30.12669675413762,2.858922038487851
2025-09,744,96,726,87,single_symbol_symbol_reversal_lev4p0_symbolAVAXUSDT_lookback1536_threshold_bps20,73.42191743939996,48,single_symbol_symbol_reversal_lev4p0_symbolAVAXUSDT_lookback1536_threshold_bps20,73.42191743939996,48,-32.161918877436435,3.6817265568062196
2025-10,744,126,690,108,single_symbol_symbol_momentum_lev4p0_symbolAVAXUSDT_lookback384_threshold_bps20,247.2500366377368,95,single_symbol_symbol_momentum_lev4p0_symbolAVAXUSDT_lookback384_threshold_bps20,247.2500366377368,95,-34.516877402626704,5.534196074327354
2025-11,744,126,594,54,single_symbol_symbol_momentum_lev4p0_symbolAVAXUSDT_lookback384_threshold_bps100,139.2775771803728,38,single_symbol_symbol_momentum_lev4p0_symbolAVAXUSDT_lookback384_threshold_bps100,139.2775771803728,38,-42.395337798828,-3.976576449111443
2025-12,744,126,702,108,single_symbol_symbol_reversal_lev4p0_symbolLINKUSDT_lookback96_threshold_bps50,95.2543900795518,301,single_symbol_symbol_reversal_lev4p0_symbolLINKUSDT_lookback96_threshold_bps50,95.2543900795518,301,-33.87262878785003,4.87541693471337
2026-01,744,126,672,90,single_symbol_symbol_momentum_lev4p0_symbolAVAXUSDT_lookback1536_threshold_bps20,210.406063235613,14,single_symbol_symbol_momentum_lev4p0_symbolAVAXUSDT_lookback1536_threshold_bps20,210.406063235613,14,-35.59717318321228,10.111733311768047
2026-02,744,123,744,123,single_symbol_symbol_momentum_lev4p0_symbolSOLUSDT_lookback96_threshold_bps20,90.10700328812976,155,single_symbol_symbol_momentum_lev4p0_symbolSOLUSDT_lookback96_threshold_bps20,90.10700328812976,155,-33.0815581527128,7.821739097068732
2026-03,744,132,744,132,single_symbol_symbol_reversal_lev4p0_symbolETHUSDT_lookback1536_threshold_bps50,159.6137214262123,49,single_symbol_symbol_reversal_lev4p0_symbolETHUSDT_lookback1536_threshold_bps50,159.6137214262123,49,-36.70765181541681,16.057552561501588
2026-04,744,120,708,102,single_symbol_symbol_reversal_lev4p0_symbolAVAXUSDT_lookback96_threshold_bps20,134.53568781762982,215,single_symbol_symbol_reversal_lev4p0_symbolAVAXUSDT_lookback96_threshold_bps20,134.53568781762982,215,-32.41071444044711,6.428050437143563
2026-05,744,66,720,54,single_symbol_symbol_momentum_lev4p0_symbolETHUSDT_lookback1536_threshold_bps20,37.8319079120572,2,single_symbol_symbol_momentum_lev4p0_symbolADAUSDT_lookback384_threshold_bps20,25.642113970043635,49,-30.66803008429359,-1.8255981250607103
