month,selected_return_pct,selected_orders,selected_log_return,selected_cost_log,selected_turnover,selected_max_drawdown_pct,selected_candidate_id,selected_family,selected_rule,selected_leverage,train_hard_ok_candidate_count,train_min10_orders_candidate_count,train_return_pct,train_losing_months,train_min_monthly_return_pct,train_min_monthly_orders,train_turnover,oracle_candidate_id,oracle_family,oracle_rule,oracle_leverage,oracle_return_pct,oracle_orders,oracle_log_return,oracle_cost_log,oracle_turnover,oracle_max_drawdown_pct,candidate_count,positive_candidate_count,order10_candidate_count,positive_order10_candidate_count,best_candidate_id,best_return_pct,best_orders,best_order10_candidate_id,best_order10_return_pct,best_order10_orders,median_order10_return_pct,p90_order10_return_pct,oracle_hard_guard_rank,oracle_return_first_rank,oracle_train_return_pct,oracle_train_losing_months,oracle_train_min_monthly_return_pct,oracle_train_min_monthly_orders,oracle_train_hard_ok,selected_symbol,selected_lookback,selected_threshold_bps,oracle_symbol,oracle_lookback,oracle_threshold_bps,selected_gross_log_return,selected_gross_return_pct,selected_month_hard_ok,selected_equals_oracle,same_symbol_as_oracle,oracle_log_gap_vs_selected,root_cause
2023-01,8.573983922113836,1,0.0822616340847346,0.001,1.0,-5.253238612620137,single_symbol_symbol_momentum_lev1p0_symbolBTCUSDT_lookback1536_threshold_bps100,single_symbol,symbol_momentum,1.0,0,324,-45.14176321737487,16,-31.601670877044896,2,1045.0,single_symbol_symbol_momentum_lev4p0_symbolSOLUSDT_lookback384_threshold_bps50,single_symbol,symbol_momentum,4.0,123.6713264470453,117,0.8050074956918115,0.512,512.0,-99.950004121399,744,138,642,90,single_symbol_symbol_momentum_lev4p0_symbolSOLUSDT_lookback384_threshold_bps50,123.6713264470453,117,single_symbol_symbol_momentum_lev4p0_symbolSOLUSDT_lookback384_threshold_bps50,123.6713264470453,117,-39.97024385093192,5.352595449614718,108,269,-99.87325756937625,21,-99.97752291429563,0,False,BTCUSDT,1536,100,SOLUSDT,384,50,0.0832616340847346,8.682612211128093,False,False,False,0.7227458616070769,TOO_FEW_TRADES
2023-02,-4.014934857743613,14,-0.0409775780575752,0.014,14.0,-10.903709453134248,single_symbol_symbol_momentum_lev1p0_symbolBTCUSDT_lookback1536_threshold_bps100,single_symbol,symbol_momentum,1.0,0,324,-40.42499038752453,16,-31.601670877044896,2,1047.0,single_symbol_symbol_momentum_lev4p0_symbolSOLUSDT_lookback384_threshold_bps20,single_symbol,symbol_momentum,4.0,126.37994658308864,37,0.817044581254889,0.184,184.0,-99.76822065075775,744,90,714,75,single_symbol_symbol_momentum_lev4p0_symbolSOLUSDT_lookback384_threshold_bps20,126.37994658308864,37,single_symbol_symbol_momentum_lev4p0_symbolSOLUSDT_lookback384_threshold_bps20,126.37994658308864,37,-32.46194728978451,1.131257271731186,123,225,-99.49627212232139,22,-99.96904871529668,0,False,BTCUSDT,1536,100,SOLUSDT,384,20,-0.026977578057575204,-2.661693358126982,False,False,False,0.8580221593124642,WRONG_CANDIDATE_MARKET_LOSS
2023-03,13.880056592013744,2,0.1299755733658943,0.002,2.0,-10.212879937306251,single_symbol_symbol_momentum_lev1p0_symbolBTCUSDT_lookback1536_threshold_bps100,single_symbol,symbol_momentum,1.0,0,324,-42.81688821495992,17,-31.601670877044896,2,1061.0,single_symbol_symbol_reversal_lev4p0_symbolSOLUSDT_lookback1536_threshold_bps50,single_symbol,symbol_reversal,4.0,161.52290937096728,36,0.96135170121673,0.168,168.0,-99.99489140489472,744,105,702,84,single_symbol_symbol_reversal_lev4p0_symbolSOLUSDT_lookback1536_threshold_bps50,161.52290937096728,36,single_symbol_symbol_reversal_lev4p0_symbolSOLUSDT_lookback1536_threshold_bps50,161.52290937096728,36,-33.99996525386506,2.0108823399949385,256,314,-99.99168880247335,27,-88.42098202309047,0,False,BTCUSDT,1536,100,SOLUSDT,1536,50,0.1319755733658943,14.108044617226966,False,False,False,0.8313761278508357,TOO_FEW_TRADES
2023-04,-14.85405414097325,34,-0.1608033917682807,0.034,34.0,-18.586272490198752,single_symbol_symbol_momentum_lev1p0_symbolBTCUSDT_lookback1536_threshold_bps100,single_symbol,symbol_momentum,1.0,0,324,-34.87983993812187,17,-31.601670877044896,2,1063.0,single_symbol_symbol_reversal_lev4p0_symbolSOLUSDT_lookback1536_threshold_bps100,single_symbol,symbol_reversal,4.0,111.07840259872836,14,0.7470594547678898,0.056,56.0,-99.99314311217702,744,90,720,78,single_symbol_symbol_reversal_lev4p0_symbolSOLUSDT_lookback1536_threshold_bps100,111.07840259872836,14,single_symbol_symbol_reversal_lev4p0_symbolSOLUSDT_lookback1536_threshold_bps100,111.07840259872836,14,-34.32387906966689,4.960170627078403,264,311,-99.98983036032898,28,-88.42098202309047,0,False,BTCUSDT,1536,100,SOLUSDT,1536,100,-0.1268033917682807,-11.909315088945194,False,False,False,0.9078628465361706,WRONG_CANDIDATE_MARKET_LOSS
2023-05,-2.0315153777878514,21,-0.020524344524852,0.021,21.0,-18.44702193271105,single_symbol_symbol_momentum_lev1p0_symbolBTCUSDT_lookback1536_threshold_bps100,single_symbol,symbol_momentum,1.0,0,324,-44.55282377040169,18,-31.601670877044896,2,1097.0,cross_section_long_strong_short_weak_lev4p0_lookback1536_threshold_bps0,cross_section,long_strong_short_weak,4.0,28.32613616891606,34,0.249404776258286,0.068,68.0,-99.99876731457044,744,42,744,42,cross_section_long_strong_short_weak_lev4p0_lookback1536_threshold_bps0,28.32613616891606,34,cross_section_long_strong_short_weak_lev4p0_lookback1536_threshold_bps0,28.32613616891606,34,-27.25857631661634,-2.6924223836568664,187,286,-99.97140903193002,26,-87.91643755893088,22,False,BTCUSDT,1536,100,,1536,0,0.0004756554751480027,0.047576861715170615,False,False,False,0.269929120783138,FEES_TURNED_GROSS_WIN_TO_NET_LOSS
2023-08,10.199136635609296,6,0.0971188761774309,0.006,6.0,-14.98180338921189,single_symbol_symbol_momentum_lev1p0_symbolBTCUSDT_lookback1536_threshold_bps100,single_symbol,symbol_momentum,1.0,0,324,-43.269216819264656,19,-31.601670877044896,2,1161.0,single_symbol_symbol_reversal_lev4p0_symbolADAUSDT_lookback96_threshold_bps100,single_symbol,symbol_reversal,4.0,66.86847747284112,239,0.5120357560974612,0.96,960.0,-100.0,744,108,600,36,single_symbol_symbol_momentum_lev4p0_symbolXRPUSDT_lookback1536_threshold_bps20,78.59820202044554,2,single_symbol_symbol_reversal_lev4p0_symbolADAUSDT_lookback96_threshold_bps100,66.86847747284112,239,-38.20281083924489,-8.67673243281033,526,604,-100.0,41,-93.20588377221851,0,False,BTCUSDT,1536,100,ADAUSDT,96,100,0.1031188761774309,10.862319013009202,False,False,False,0.41491687992003035,TOO_FEW_TRADES
2023-09,-3.1075998059597265,28,-0.031569099537184,0.028,28.0,-10.91419966866154,single_symbol_symbol_momentum_lev1p0_symbolBTCUSDT_lookback1536_threshold_bps100,single_symbol,symbol_momentum,1.0,0,324,-37.48316672821021,19,-31.601670877044896,2,1167.0,single_symbol_symbol_momentum_lev4p0_symbolLINKUSDT_lookback384_threshold_bps20,single_symbol,symbol_momentum,4.0,163.131891204675,35,0.9674852079571028,0.16,160.0,-99.99983438730833,744,39,714,24,single_symbol_symbol_momentum_lev4p0_symbolLINKUSDT_lookback1536_threshold_bps20,188.7784940640687,2,single_symbol_symbol_momentum_lev4p0_symbolLINKUSDT_lookback384_threshold_bps20,163.131891204675,35,-30.799676651618707,-5.830560674140214,58,250,-99.96000431073064,25,-90.88507527016404,20,False,BTCUSDT,1536,100,LINKUSDT,384,20,-0.0035690995371840013,-0.3562737872153221,False,False,False,0.9990543074942868,WRONG_CANDIDATE_MARKET_LOSS
2023-10,21.096361544329124,8,0.1914164190686368,0.008,8.0,-10.667669275272452,single_symbol_symbol_momentum_lev1p0_symbolBTCUSDT_lookback1536_threshold_bps50,single_symbol,symbol_momentum,1.0,0,324,-30.723854064802943,20,-31.01136510543604,2,1109.0,single_symbol_symbol_momentum_lev4p0_symbolSOLUSDT_lookback1536_threshold_bps100,single_symbol,symbol_momentum,4.0,319.5755017664935,44,1.434073304097693,0.176,176.0,-99.8909129002598,744,120,738,117,single_symbol_symbol_momentum_lev4p0_symbolSOLUSDT_lookback1536_threshold_bps100,319.5755017664935,44,single_symbol_symbol_momentum_lev4p0_symbolSOLUSDT_lookback1536_threshold_bps100,319.5755017664935,44,-33.15291162944458,6.591216467352947,57,9,120.24089953131805,26,-87.01197802787426,0,False,BTCUSDT,1536,50,SOLUSDT,1536,100,0.1994164190686368,22.06901787450959,False,False,False,1.2426568850290562,TOO_FEW_TRADES
2023-11,-2.8599438152309142,42,-0.0290163706810254,0.042,42.0,-9.022238827157048,single_symbol_symbol_momentum_lev1p0_symbolBTCUSDT_lookback1536_threshold_bps50,single_symbol,symbol_momentum,1.0,0,324,-16.109107854336703,20,-31.01136510543604,2,1117.0,single_symbol_symbol_momentum_lev4p0_symbolAVAXUSDT_lookback384_threshold_bps20,single_symbol,symbol_momentum,4.0,196.36271863078653,88,1.0864139189249116,0.456,456.0,-99.9505026910444,744,87,726,78,single_symbol_symbol_momentum_lev4p0_symbolAVAXUSDT_lookback384_threshold_bps20,196.36271863078653,88,single_symbol_symbol_momentum_lev4p0_symbolAVAXUSDT_lookback384_threshold_bps20,196.36271863078653,88,-31.581988334232364,0.4792809050326752,214,209,-99.80525715020157,31,-96.0573910532554,0,False,BTCUSDT,1536,50,AVAXUSDT,384,20,0.012983629318974604,1.3068282606346182,False,False,False,1.115430289605937,FEES_TURNED_GROSS_WIN_TO_NET_LOSS
2023-12,-9.351996233117388,88,-0.0981862703547719,0.089,89.0,-16.651395885570352,single_symbol_symbol_momentum_lev1p0_symbolBTCUSDT_lookback1536_threshold_bps100,single_symbol,symbol_momentum,1.0,0,324,-27.068435782160066,20,-31.601670877044896,2,1225.0,single_symbol_symbol_reversal_lev4p0_symbolLINKUSDT_lookback384_threshold_bps20,single_symbol,symbol_reversal,4.0,217.7691746695851,162,1.156155067405026,0.8240000000000001,824.0,-99.99999999999996,744,132,708,114,single_symbol_symbol_momentum_lev4p0_symbolSOLUSDT_lookback1536_threshold_bps20,250.12782820143207,2,single_symbol_symbol_reversal_lev4p0_symbolLINKUSDT_lookback384_threshold_bps20,217.7691746695851,162,-37.62090795865437,9.509686298230882,381,546,-99.99999999999996,41,-92.71363381483174,20,False,BTCUSDT,1536,100,LINKUSDT,384,20,-0.009186270354771903,-0.9144205478243017,False,False,False,1.254341337759798,WRONG_CANDIDATE_MARKET_LOSS
2024-01,-9.692317851526688,56,-0.1019476555572034,0.056,56.0,-24.978642856519283,single_symbol_symbol_momentum_lev1p0_symbolBTCUSDT_lookback1536_threshold_bps100,single_symbol,symbol_momentum,1.0,0,324,-33.88899292056604,21,-31.601670877044896,2,1314.0,single_symbol_symbol_reversal_lev4p0_symbolSOLUSDT_lookback384_threshold_bps20,single_symbol,symbol_reversal,4.0,217.13985647369356,78,1.1541726782087247,0.392,392.0,-99.99999999999996,744,123,708,105,single_symbol_symbol_reversal_lev4p0_symbolSOLUSDT_lookback384_threshold_bps20,217.13985647369356,78,single_symbol_symbol_reversal_lev4p0_symbolSOLUSDT_lookback384_threshold_bps20,217.13985647369356,78,-37.4789464520911,5.950911054150709,358,504,-99.9999999999987,41,-98.36215216596229,0,False,BTCUSDT,1536,100,SOLUSDT,384,20,-0.045947655557203405,-4.490804536152515,False,False,False,1.2561203337659281,WRONG_CANDIDATE_MARKET_LOSS
2024-02,17.263950340909197,1,0.1592571937141869,0.001,1.0,-27.00548407961909,single_symbol_symbol_momentum_lev1p0_symbolBTCUSDT_lookback1536_threshold_bps100,single_symbol,symbol_momentum,1.0,0,324,-40.29668186155008,22,-31.601670877044896,2,1370.0,single_symbol_symbol_momentum_lev4p0_symbolETHUSDT_lookback384_threshold_bps50,single_symbol,symbol_momentum,4.0,216.89263136945104,56,1.1533928282120376,0.224,224.0,-99.99998589068484,744,144,636,90,single_symbol_symbol_momentum_lev4p0_symbolDOGEUSDT_lookback1536_threshold_bps20,241.55787968396208,2,single_symbol_symbol_momentum_lev4p0_symbolETHUSDT_lookback384_threshold_bps50,216.89263136945104,56,-40.2823318368373,10.5726322430977,225,297,-99.99906963888984,33,-93.56754548517635,42,False,BTCUSDT,1536,100,ETHUSDT,384,50,0.1602571937141869,17.38127294277414,False,False,False,0.9941356344978507,TOO_FEW_TRADES
2024-03,-21.88514324386728,72,-0.2469899198821282,0.072,72.0,-32.243866284370846,single_symbol_symbol_momentum_lev1p0_symbolBTCUSDT_lookback1536_threshold_bps100,single_symbol,symbol_momentum,1.0,0,324,-29.98953066625306,22,-31.601670877044896,1,1371.0,single_symbol_symbol_reversal_lev4p0_symbolAVAXUSDT_lookback96_threshold_bps20,single_symbol,symbol_reversal,4.0,234.56228936700305,202,1.2076528925878864,1.064,1064.0,-100.0,744,141,726,132,single_symbol_symbol_reversal_lev4p0_symbolAVAXUSDT_lookback96_threshold_bps20,234.56228936700305,202,single_symbol_symbol_reversal_lev4p0_symbolAVAXUSDT_lookback96_threshold_bps20,234.56228936700305,202,-37.337023540472046,19.544423750286732,441,567,-100.0,46,-98.5130502147152,0,False,BTCUSDT,1536,100,AVAXUSDT,96,20,-0.1749899198821282,-16.053451736242675,False,False,False,1.4546428124700146,WRONG_CANDIDATE_MARKET_LOSS
2024-05,3.406521489865244,2,0.033497844598975,0.002,2.0,-28.919190671636454,single_symbol_symbol_momentum_lev1p0_symbolBTCUSDT_lookback1536_threshold_bps100,single_symbol,symbol_momentum,1.0,0,324,-43.46116649148127,23,-31.601670877044896,1,1463.0,single_symbol_symbol_momentum_lev4p0_symbolETHUSDT_lookback384_threshold_bps50,single_symbol,symbol_momentum,4.0,88.13164430955676,59,0.6319717674803681,0.24,240.0,-99.99997493601472,744,96,690,69,single_symbol_symbol_momentum_lev4p0_symbolLINKUSDT_lookback1536_threshold_bps20,94.23684201565376,2,single_symbol_symbol_momentum_lev4p0_symbolETHUSDT_lookback384_threshold_bps50,88.13164430955676,59,-38.709218349463185,0.011689516061202797,208,275,-99.99815256693331,34,-93.56754548517635,42,False,BTCUSDT,1536,100,ETHUSDT,384,50,0.035497844598975,3.6135414838322832,False,False,False,0.5984739228813931,TOO_FEW_TRADES
2024-06,6.027271033524295,2,0.0585261489358933,0.002,2.0,-26.86117920029909,single_symbol_symbol_momentum_lev1p0_symbolBTCUSDT_lookback1536_threshold_bps100,single_symbol,symbol_momentum,1.0,0,324,-41.53515897789444,23,-31.601670877044896,1,1465.0,single_symbol_symbol_momentum_lev4p0_symbolAVAXUSDT_lookback384_threshold_bps20,single_symbol,symbol_momentum,4.0,83.69628905387508,64,0.6081136049068695,0.296,296.0,-99.89183304165772,744,99,654,54,single_symbol_symbol_momentum_lev4p0_symbolAVAXUSDT_lookback384_threshold_bps20,83.69628905387508,64,single_symbol_symbol_momentum_lev4p0_symbolAVAXUSDT_lookback384_threshold_bps20,83.69628905387508,64,-34.54758450267091,-2.5806070991738053,138,165,-99.44508273264047,33,-96.0573910532554,0,False,BTCUSDT,1536,100,AVAXUSDT,384,20,0.0605261489358933,6.2395377715738,False,False,False,0.5495874559709762,TOO_FEW_TRADES
2024-07,-1.2097126929922708,5,-0.0121708926759141,0.005,5.0,-24.35745674565316,single_symbol_symbol_momentum_lev1p0_symbolBTCUSDT_lookback1536_threshold_bps100,single_symbol,symbol_momentum,1.0,0,324,-38.01132455017304,23,-31.601670877044896,1,1467.0,single_symbol_symbol_reversal_lev4p0_symbolLINKUSDT_lookback384_threshold_bps100,single_symbol,symbol_reversal,4.0,118.95048668824852,156,0.7836754300851101,0.624,624.0,-100.0,744,96,690,69,single_symbol_symbol_reversal_lev4p0_symbolLINKUSDT_lookback384_threshold_bps100,118.95048668824852,156,single_symbol_symbol_reversal_lev4p0_symbolLINKUSDT_lookback384_threshold_bps100,118.95048668824852,156,-34.10189437127909,-0.03054246527059857,392,544,-100.0,48,-92.24812400713026,27,False,BTCUSDT,1536,100,LINKUSDT,384,100,-0.0071708926759141,-0.7145243171596594,False,False,False,0.7958463227610242,WRONG_CANDIDATE_AND_TOO_FEW_TRADES
2024-08,-8.10883261589328,53,-0.0845652724085715,0.053,53.0,-29.20638808025957,single_symbol_symbol_momentum_lev1p0_symbolBTCUSDT_lookback1536_threshold_bps100,single_symbol,symbol_momentum,1.0,0,324,-38.761209425307385,24,-31.601670877044896,1,1472.0,single_symbol_symbol_momentum_lev4p0_symbolAVAXUSDT_lookback384_threshold_bps20,single_symbol,symbol_momentum,4.0,60.17941264695368,57,0.4711243300693678,0.288,288.0,-99.9383343828646,744,81,702,60,single_symbol_symbol_momentum_lev4p0_symbolAVAXUSDT_lookback384_threshold_bps20,60.17941264695368,57,single_symbol_symbol_momentum_lev4p0_symbolAVAXUSDT_lookback384_threshold_bps20,60.17941264695368,57,-34.07767936480685,-1.4710674689325023,124,161,-99.48413878176316,34,-96.0573910532554,0,False,BTCUSDT,1536,100,AVAXUSDT,384,20,-0.03156527240857151,-3.1072289855730073,False,False,False,0.5556896024779393,WRONG_CANDIDATE_MARKET_LOSS
2024-09,7.433644271200124,6,0.0717032084011528,0.006,6.0,-29.11575294662598,single_symbol_symbol_momentum_lev1p0_symbolBTCUSDT_lookback1536_threshold_bps100,single_symbol,symbol_momentum,1.0,0,324,-43.72696044900663,25,-31.601670877044896,1,1525.0,single_symbol_symbol_momentum_lev4p0_symbolADAUSDT_lookback384_threshold_bps20,single_symbol,symbol_momentum,4.0,69.33342017147805,28,0.5266994857458386,0.12,120.0,-99.9999999999658,744,84,660,42,single_symbol_symbol_momentum_lev4p0_symbolAVAXUSDT_lookback1536_threshold_bps20,91.7227566321708,2,single_symbol_symbol_momentum_lev4p0_symbolADAUSDT_lookback384_threshold_bps20,69.33342017147805,28,-37.655547708577245,-2.926490373431656,202,406,-99.99999999768467,37,-91.85496771763616,0,False,BTCUSDT,1536,100,ADAUSDT,384,20,0.0777032084011528,8.080183815843768,False,False,False,0.4549962773446858,TOO_FEW_TRADES
2024-10,3.4935745341438063,2,0.034339342994466,0.002,2.0,-26.498468927502085,single_symbol_symbol_momentum_lev1p0_symbolBTCUSDT_lookback1536_threshold_bps100,single_symbol,symbol_momentum,1.0,0,324,-39.543822868194056,25,-31.601670877044896,1,1531.0,single_symbol_symbol_reversal_lev4p0_symbolLINKUSDT_lookback384_threshold_bps100,single_symbol,symbol_reversal,4.0,60.29111392262767,156,0.4718214380461493,0.624,624.0,-100.0,744,81,708,63,single_symbol_symbol_momentum_lev4p0_symbolDOGEUSDT_lookback1536_threshold_bps20,178.72856327835817,2,single_symbol_symbol_reversal_lev4p0_symbolLINKUSDT_lookback384_threshold_bps100,60.29111392262767,156,-34.62390522588399,-2.0594743366227393,349,516,-100.0,49,-92.24812400713026,27,False,BTCUSDT,1536,100,LINKUSDT,384,100,0.036339342994466,3.7007688084216284,False,False,False,0.4374820950516833,TOO_FEW_TRADES
2024-11,6.345542159017881,2,0.0615234380802167,0.002,2.0,-22.445478841011337,single_symbol_symbol_momentum_lev1p0_symbolBTCUSDT_lookback1536_threshold_bps100,single_symbol,symbol_momentum,1.0,0,324,-37.4317412596004,25,-31.601670877044896,1,1533.0,single_symbol_symbol_momentum_lev4p0_symbolXRPUSDT_lookback384_threshold_bps50,single_symbol,symbol_momentum,4.0,5933.561822805518,62,4.099922613063856,0.28,280.0,-99.99999999758344,744,198,618,135,single_symbol_symbol_momentum_lev4p0_symbolXRPUSDT_lookback384_threshold_bps50,5933.561822805518,62,single_symbol_symbol_momentum_lev4p0_symbolXRPUSDT_lookback384_threshold_bps50,5933.561822805518,62,-45.53144025238079,45.6127276004814,88,383,-99.99999991770295,35,-99.07731136952329,37,False,BTCUSDT,1536,100,XRPUSDT,384,50,0.0635234380802167,6.558446076285218,False,False,False,4.038399174983639,TOO_FEW_TRADES
2024-12,-21.67769972642057,81,-0.2443378180033192,0.082,82.0,-36.56967830796178,single_symbol_symbol_momentum_lev1p0_symbolBTCUSDT_lookback1536_threshold_bps100,single_symbol,symbol_momentum,1.0,0,324,-33.46144602306496,25,-31.601670877044896,1,1535.0,single_symbol_symbol_reversal_lev4p0_symbolXRPUSDT_lookback384_threshold_bps100,single_symbol,symbol_reversal,4.0,597.8761175886285,198,1.9428714190577776,0.8,800.0,-100.0,744,138,708,120,single_symbol_symbol_reversal_lev4p0_symbolXRPUSDT_lookback384_threshold_bps100,597.8761175886285,198,single_symbol_symbol_reversal_lev4p0_symbolXRPUSDT_lookback384_threshold_bps100,597.8761175886285,198,-43.26897067871434,14.401587029825949,363,508,-100.0,51,-99.54270910471531,38,False,BTCUSDT,1536,100,XRPUSDT,384,100,-0.1623378180033192,-14.984604128828726,False,False,False,2.1872092370610967,WRONG_CANDIDATE_MARKET_LOSS
2025-03,-16.273717847877034,56,-0.1776172535747001,0.056,56.0,-42.27894729676051,single_symbol_symbol_momentum_lev1p0_symbolBTCUSDT_lookback1536_threshold_bps100,single_symbol,symbol_momentum,1.0,0,324,-44.77920217337525,26,-31.601670877044896,1,1675.0,single_symbol_symbol_momentum_lev4p0_symbolADAUSDT_lookback96_threshold_bps20,single_symbol,symbol_momentum,4.0,778.8300334125375,182,2.1734213294192077,0.884,884.0,-100.0,744,123,744,123,single_symbol_symbol_momentum_lev4p0_symbolADAUSDT_lookback96_threshold_bps20,778.8300334125375,182,single_symbol_symbol_momentum_lev4p0_symbolADAUSDT_lookback96_threshold_bps20,778.8300334125375,182,-37.46424854093488,23.638154122112223,395,510,-100.0,55,-96.16148261929447,0,False,BTCUSDT,1536,100,ADAUSDT,96,20,-0.1216172535747001,-11.451277928036774,False,False,False,2.3510385829939078,WRONG_CANDIDATE_MARKET_LOSS
2025-05,-0.8122221318375811,21,-0.0081553862620361,0.021,21.0,-37.617856098458994,single_symbol_symbol_momentum_lev1p0_symbolBTCUSDT_lookback1536_threshold_bps100,single_symbol,symbol_momentum,1.0,0,324,-49.68098316133809,27,-31.601670877044896,1,1755.0,single_symbol_symbol_momentum_lev4p0_symbolDOGEUSDT_lookback384_threshold_bps20,single_symbol,symbol_momentum,4.0,138.13466679897877,71,0.8676661545501754,0.376,376.0,-99.99999999498534,744,72,708,57,single_symbol_symbol_momentum_lev4p0_symbolDOGEUSDT_lookback384_threshold_bps20,138.13466679897877,71,single_symbol_symbol_momentum_lev4p0_symbolDOGEUSDT_lookback384_threshold_bps20,138.13466679897877,71,-36.27256237158469,-1.6482824874779203,238,386,-99.99999999183498,46,-88.63747754809937,0,False,BTCUSDT,1536,100,DOGEUSDT,384,20,0.012844613737963901,1.2927460118922873,False,False,False,0.8758215408122114,FEES_TURNED_GROSS_WIN_TO_NET_LOSS
2025-06,-13.511268111079756,79,-0.1451560477158766,0.079,79.0,-45.74211117418605,single_symbol_symbol_momentum_lev1p0_symbolBTCUSDT_lookback1536_threshold_bps100,single_symbol,symbol_momentum,1.0,0,324,-50.08968535262478,28,-31.601670877044896,1,1776.0,single_symbol_symbol_reversal_lev4p0_symbolETHUSDT_lookback384_threshold_bps50,single_symbol,symbol_reversal,4.0,99.25511697986651,177,0.6894158125563236,0.728,728.0,-100.0,744,90,684,63,single_symbol_symbol_reversal_lev4p0_symbolETHUSDT_lookback384_threshold_bps50,99.25511697986651,177,single_symbol_symbol_reversal_lev4p0_symbolETHUSDT_lookback384_threshold_bps50,99.25511697986651,177,-35.124026549610306,-0.2512190180645531,375,490,-100.0,57,-92.50915999584709,42,False,BTCUSDT,1536,100,ETHUSDT,384,50,-0.06615604771587659,-6.401520539429861,False,False,False,0.8345718602722001,WRONG_CANDIDATE_MARKET_LOSS
2025-07,-4.547371216738294,40,-0.0465400952499357,0.04,40.0,-48.317677493577136,single_symbol_symbol_momentum_lev1p0_symbolBTCUSDT_lookback1536_threshold_bps100,single_symbol,symbol_momentum,1.0,0,324,-56.83320177971516,29,-31.601670877044896,1,1855.0,single_symbol_symbol_momentum_lev4p0_symbolXRPUSDT_lookback384_threshold_bps100,single_symbol,symbol_momentum,4.0,253.56254993866733,113,1.2628902283595151,0.456,456.0,-99.99999999991071,744,129,606,60,single_symbol_symbol_momentum_lev4p0_symbolXRPUSDT_lookback384_threshold_bps100,253.56254993866733,113,single_symbol_symbol_momentum_lev4p0_symbolXRPUSDT_lookback384_threshold_bps100,253.56254993866733,113,-44.430519926696725,-0.0637266120320112,222,386,-99.99999999520756,46,-98.69890500988404,38,False,BTCUSDT,1536,100,XRPUSDT,384,100,-0.0065400952499357,-0.6518755373947416,False,False,False,1.3094303236094509,WRONG_CANDIDATE_MARKET_LOSS
2025-08,-11.155705448402154,72,-0.1182848478375822,0.072,72.0,-56.7911086538616,single_symbol_symbol_momentum_lev1p0_symbolBTCUSDT_lookback1536_threshold_bps100,single_symbol,symbol_momentum,1.0,0,324,-58.79615633717188,30,-31.601670877044896,1,1895.0,single_symbol_symbol_momentum_lev4p0_symbolLINKUSDT_lookback96_threshold_bps20,single_symbol,symbol_momentum,4.0,183.9342643479445,166,1.043572561817714,0.8,800.0,-100.0,744,93,744,93,single_symbol_symbol_momentum_lev4p0_symbolLINKUSDT_lookback96_threshold_bps20,183.9342643479445,166,single_symbol_symbol_momentum_lev4p0_symbolLINKUSDT_lookback96_threshold_bps20,183.9342643479445,166,-30.12669675413762,2.858922038487851,312,468,-100.0,56,-95.69319367875303,80,False,BTCUSDT,1536,100,LINKUSDT,96,20,-0.0462848478375822,-4.523004070545811,False,False,False,1.1618574096552963,WRONG_CANDIDATE_MARKET_LOSS
2025-09,-12.384510617440814,34,-0.1322123842408523,0.034,34.0,-59.770813699851,single_symbol_symbol_momentum_lev1p0_symbolBTCUSDT_lookback1536_threshold_bps100,single_symbol,symbol_momentum,1.0,0,324,-63.392735769617104,31,-31.601670877044896,1,1967.0,single_symbol_symbol_reversal_lev4p0_symbolAVAXUSDT_lookback1536_threshold_bps20,single_symbol,symbol_reversal,4.0,73.42191743939996,48,0.5505572685218724,0.232,232.0,-99.99336409969877,744,96,726,87,single_symbol_symbol_reversal_lev4p0_symbolAVAXUSDT_lookback1536_threshold_bps20,73.42191743939996,48,single_symbol_symbol_reversal_lev4p0_symbolAVAXUSDT_lookback1536_threshold_bps20,73.42191743939996,48,-32.161918877436435,3.6817265568062196,146,32,-68.09029175667595,43,-94.99028328659108,0,False,BTCUSDT,1536,100,AVAXUSDT,1536,20,-0.0982123842408523,-9.354363373853413,False,False,False,0.6827696527627247,WRONG_CANDIDATE_MARKET_LOSS
2025-10,-7.474384188654026,34,-0.0776846521168802,0.034,34.0,-62.616845828405054,single_symbol_symbol_momentum_lev1p0_symbolBTCUSDT_lookback1536_threshold_bps100,single_symbol,symbol_momentum,1.0,0,324,-67.9263662949835,32,-31.601670877044896,1,2001.0,single_symbol_symbol_momentum_lev4p0_symbolAVAXUSDT_lookback384_threshold_bps20,single_symbol,symbol_momentum,4.0,247.2500366377368,95,1.2448749011545974,0.448,448.0,-99.99892046826972,744,126,690,108,single_symbol_symbol_momentum_lev4p0_symbolAVAXUSDT_lookback384_threshold_bps20,247.2500366377368,95,single_symbol_symbol_momentum_lev4p0_symbolAVAXUSDT_lookback384_threshold_bps20,247.2500366377368,95,-34.516877402626704,5.534196074327354,122,201,-99.99581944892478,43,-96.0573910532554,0,False,BTCUSDT,1536,100,AVAXUSDT,384,20,-0.043684652116880204,-4.274422153541691,False,False,False,1.3225595532714776,WRONG_CANDIDATE_MARKET_LOSS
2025-11,4.206519068495451,2,0.0412045044115743,0.002,2.0,-63.243655380062094,single_symbol_symbol_momentum_lev1p0_symbolBTCUSDT_lookback1536_threshold_bps100,single_symbol,symbol_momentum,1.0,0,324,-70.32367290135807,33,-31.601670877044896,1,2035.0,single_symbol_symbol_momentum_lev4p0_symbolAVAXUSDT_lookback384_threshold_bps100,single_symbol,symbol_momentum,4.0,139.2775771803728,38,0.8724541028241839,0.152,152.0,-99.99983740205845,744,126,594,54,single_symbol_symbol_momentum_lev4p0_symbolAVAXUSDT_lookback384_threshold_bps100,139.2775771803728,38,single_symbol_symbol_momentum_lev4p0_symbolAVAXUSDT_lookback384_threshold_bps100,139.2775771803728,38,-42.395337798828,-3.976576449111443,27,200,-99.9956421268686,39,-97.29099854640091,0,False,BTCUSDT,1536,100,AVAXUSDT,384,100,0.0432045044115743,4.415140658682093,False,False,False,0.8312495984126096,TOO_FEW_TRADES
2025-12,-10.43872543042662,52,-0.1102471628986273,0.052,52.0,-65.16055780894976,single_symbol_symbol_momentum_lev1p0_symbolBTCUSDT_lookback1536_threshold_bps100,single_symbol,symbol_momentum,1.0,0,324,-69.0753325431246,33,-31.601670877044896,1,2037.0,single_symbol_symbol_reversal_lev4p0_symbolLINKUSDT_lookback96_threshold_bps50,single_symbol,symbol_reversal,4.0,95.2543900795518,301,0.6691330868812476,1.252,1252.0,-100.0,744,126,702,108,single_symbol_symbol_reversal_lev4p0_symbolLINKUSDT_lookback96_threshold_bps50,95.2543900795518,301,single_symbol_symbol_reversal_lev4p0_symbolLINKUSDT_lookback96_threshold_bps50,95.2543900795518,301,-33.87262878785003,4.87541693471337,451,503,-100.0,66,-96.84603013755442,119,False,BTCUSDT,1536,100,LINKUSDT,96,50,-0.058247162898627296,-5.658325899832306,False,False,False,0.779380249779875,WRONG_CANDIDATE_MARKET_LOSS
2026-02,-6.141831673938947,36,-0.0633853907700372,0.036,36.0,-65.93879336106971,single_symbol_symbol_momentum_lev1p0_symbolBTCUSDT_lookback1536_threshold_bps100,single_symbol,symbol_momentum,1.0,0,324,-70.90512758255173,34,-31.601670877044896,1,2109.0,single_symbol_symbol_momentum_lev4p0_symbolSOLUSDT_lookback96_threshold_bps20,single_symbol,symbol_momentum,4.0,90.10700328812976,155,0.6424169028494394,0.752,752.0,-100.0,744,123,744,123,single_symbol_symbol_momentum_lev4p0_symbolSOLUSDT_lookback96_threshold_bps20,90.10700328812976,155,single_symbol_symbol_momentum_lev4p0_symbolSOLUSDT_lookback96_threshold_bps20,90.10700328812976,155,-33.0815581527128,7.821739097068732,279,436,-100.0,59,-99.05671219714452,0,False,BTCUSDT,1536,100,SOLUSDT,96,20,-0.027385390770037203,-2.701381063859565,False,False,False,0.7058022936194767,WRONG_CANDIDATE_MARKET_LOSS
2026-03,-8.904261331368124,44,-0.093259159230808,0.044,44.0,-69.49259267228072,single_symbol_symbol_momentum_lev1p0_symbolBTCUSDT_lookback1536_threshold_bps100,single_symbol,symbol_momentum,1.0,0,324,-72.69208567217869,35,-31.601670877044896,1,2145.0,single_symbol_symbol_reversal_lev4p0_symbolETHUSDT_lookback1536_threshold_bps50,single_symbol,symbol_reversal,4.0,159.6137214262123,49,0.954024653478188,0.2,200.0,-99.99524970300808,744,132,744,132,single_symbol_symbol_reversal_lev4p0_symbolETHUSDT_lookback1536_threshold_bps50,159.6137214262123,49,single_symbol_symbol_reversal_lev4p0_symbolETHUSDT_lookback1536_threshold_bps50,159.6137214262123,49,-36.70765181541681,16.057552561501588,103,178,-99.98729969113703,46,-80.17620392448916,1,False,BTCUSDT,1536,100,ETHUSDT,1536,50,-0.04925915923080801,-4.806560485750788,False,False,False,1.047283812708996,WRONG_CANDIDATE_MARKET_LOSS
2026-04,1.8015821389806952,4,0.0178554596478428,0.004,4.0,-69.0822449294904,single_symbol_symbol_momentum_lev1p0_symbolBTCUSDT_lookback1536_threshold_bps100,single_symbol,symbol_momentum,1.0,0,324,-75.12365372807402,36,-31.601670877044896,1,2189.0,single_symbol_symbol_reversal_lev4p0_symbolAVAXUSDT_lookback96_threshold_bps20,single_symbol,symbol_reversal,4.0,134.53568781762982,215,0.8524375771745623,0.992,992.0,-100.0,744,120,708,102,single_symbol_symbol_reversal_lev4p0_symbolAVAXUSDT_lookback96_threshold_bps20,134.53568781762982,215,single_symbol_symbol_reversal_lev4p0_symbolAVAXUSDT_lookback96_threshold_bps20,134.53568781762982,215,-32.41071444044711,6.428050437143563,442,492,-100.0,69,-98.5130502147152,0,False,BTCUSDT,1536,100,AVAXUSDT,96,20,0.0218554596478428,2.209603967164031,False,False,False,0.8345821175267194,TOO_FEW_TRADES
